epoch,time,train/box_loss,train/cls_loss,train/dfl_loss,metrics/precision(B),metrics/recall(B),metrics/mAP50(B),metrics/mAP50-95(B),val/box_loss,val/cls_loss,val/dfl_loss,lr/pg0,lr/pg1,lr/pg2
1,0.900068,1.98556,5.00254,1.42703,0.62806,0.4,0.33565,0.33398,0.28172,2.45586,0.83047,0,0,0
2,1.03775,1.83688,4.4833,1.66761,0.60958,0.3315,0.3339,0.3339,0.2388,2.47618,0.81728,1.9802e-05,1.9802e-05,1.9802e-05
3,1.18527,0.97134,2.64081,1.26848,0.5795,0.2954,0.33376,0.33376,0.22571,2.50535,0.81167,3.9208e-05,3.9208e-05,3.9208e-05
4,1.33573,1.86675,4.38579,1.42197,0.55614,0.26736,0.33599,0.33472,0.25455,2.5769,0.82603,5.8218e-05,5.8218e-05,5.8218e-05
5,1.49059,2.0359,3.74796,1.48466,0.51905,0.22286,0.33627,0.33468,0.27844,2.61133,0.83021,7.6832e-05,7.6832e-05,7.6832e-05
6,1.64883,1.53304,3.73246,1.75632,0.71669,0.6,0.55515,0.46161,0.46008,1.51721,0.98882,9.505e-05,9.505e-05,9.505e-05
7,1.92766,0.8523,3.16327,1.00823,0.93707,0.4,0.50151,0.43887,0.80486,1.82976,1.15184,0.000112872,0.000112872,0.000112872
8,2.15984,1.59392,2.17963,1.12134,0.4566,0.6,0.49857,0.44664,0.85696,3.62879,1.36933,0.000130298,0.000130298,0.000130298
9,2.3918,1.00309,1.88759,0.98871,0.41997,0.6,0.48591,0.43209,0.68298,3.18108,1.29783,0.000147328,0.000147328,0.000147328
10,2.6223,1.22645,1.14464,0.84616,0.93864,0.4,0.39749,0.27829,1.07262,2.88224,1.70082,0.000163962,0.000163962,0.000163962
11,2.85188,0.96132,0.96618,0.84543,0.85073,0.4,0.39716,0.27777,1.68265,2.7391,2.37714,0.0001802,0.0001802,0.0001802
12,3.08228,1.34341,1.46563,0.94881,0.3884,0.4,0.27705,0.21736,1.72845,3.47967,2.37639,0.000196042,0.000196042,0.000196042
13,3.33472,1.47075,1.73786,1.20804,0.04164,0.2,0.02531,0.01486,1.93023,6.4228,2.37725,0.000211488,0.000211488,0.000211488
14,3.65817,1.41345,1.51656,1.06403,0.19812,0.4,0.26418,0.13813,2.4799,10.8526,2.78842,0.000226538,0.000226538,0.000226538
15,3.96227,1.21495,1.47053,1.17441,0.13417,0.2,0.03179,0.00701,2.97864,6.43583,4.74671,0.000241192,0.000241192,0.000241192
16,4.35228,1.27896,1.30891,1.06464,0.10084,0.4,0.04758,0.01342,3.23788,7.91698,7.54048,0.00025545,0.00025545,0.00025545
17,4.7222,1.36229,1.3135,1.16949,0.66667,0.4,0.39602,0.05629,3.74255,25.6803,10.2772,0.000269312,0.000269312,0.000269312
18,5.10153,1.53463,1.50288,1.40079,0.11765,0.4,0.09421,0.02115,3.18486,103.776,11.7303,0.000282778,0.000282778,0.000282778
19,5.45914,1.14604,1.23139,1.16326,0.11111,0.4,0.06843,0.02761,2.60904,66.7065,7.60144,0.000295848,0.000295848,0.000295848
20,5.77921,1.03869,1.52142,1.37741,0.08696,0.4,0.06669,0.02953,1.76164,69.1448,2.53401,0.000308522,0.000308522,0.000308522
21,6.09475,1.92249,1.41263,1.50769,0.12269,0.6,0.1263,0.02863,2.14509,43.1714,2.47337,0.0003208,0.0003208,0.0003208
22,6.41405,1.63432,1.30843,1.30934,0.02258,0.2,0.00978,0.00098,3.46317,20.5314,4.54405,0.000332682,0.000332682,0.000332682
23,6.74542,1.38399,1.27875,1.1223,0.00196,0.2,0.00273,0.00082,3.30483,7.30657,5.34844,0.000344168,0.000344168,0.000344168
24,7.05837,1.94456,1.67301,1.33656,0.11107,0.2,0.04997,0.01189,3.31336,7.54794,5.04913,0.000355258,0.000355258,0.000355258
25,7.37626,1.38654,1.3429,1.39229,0.12363,0.2,0.05335,0.01872,3.01782,9.69823,4.40324,0.000365952,0.000365952,0.000365952
26,7.68787,1.97489,2.25951,1.70077,0.00334,0.2,0.00334,0.00066,4.53056,42.8082,14.1778,0.00037625,0.00037625,0.00037625
27,8.01446,1.77324,1.53433,1.27443,0.00289,0.2,0.00334,0.001,5.03646,66.4919,62.4465,0.000386152,0.000386152,0.000386152
28,8.35664,1.35376,1.20089,1.46701,0,0,0,0,4.8964,81.6915,148.341,0.000395658,0.000395658,0.000395658
29,8.73818,1.68016,1.8016,1.6691,0,0,0,0,5.06673,1030.6,462.132,0.000404768,0.000404768,0.000404768
30,9.11114,1.43138,1.38815,1.19039,0,0,0,0,5.39026,5020.33,2040.73,0.000413482,0.000413482,0.000413482
31,9.49129,1.95988,1.80379,1.48775,0,0,0,0,nan,nan,nan,0.0004218,0.0004218,0.0004218
32,9.88555,1.81425,2.08129,1.63778,0,0,0,0,nan,nan,nan,0.000429722,0.000429722,0.000429722
33,10.2544,1.53496,1.52764,1.45318,0,0,0,0,nan,nan,nan,0.000437248,0.000437248,0.000437248
34,10.6256,1.63676,1.68152,1.24464,0,0,0,0,nan,nan,nan,0.000444378,0.000444378,0.000444378
35,11.0085,1.93214,1.48762,1.24332,0,0,0,0,1.90132,6.66797,3.19623,0.000451112,0.000451112,0.000451112
36,11.3208,1.73718,1.75148,1.72789,0,0,0,0,2.3646,12.0312,3.52775,0.00045745,0.00045745,0.00045745
37,11.6481,1.8953,1.4563,1.37739,0,0,0,0,0,53.125,0,0.000463392,0.000463392,0.000463392
38,11.9665,1.77839,1.48442,1.49725,0,0,0,0,0,52.5,0,0.000468938,0.000468938,0.000468938
39,12.2923,1.37911,1.49273,1.28135,0,0,0,0,0.00102,1.0957,0.00183,0.000474088,0.000474088,0.000474088
40,12.6221,1.12066,1.31091,1.03311,0,0,0,0,nan,nan,nan,0.000478842,0.000478842,0.000478842
41,12.9459,1.12425,1.06472,1.18163,0,0,0,0,nan,nan,nan,0.0004832,0.0004832,0.0004832
42,13.2395,1.85561,1.46274,1.28399,0,0,0,0,nan,nan,nan,0.000487162,0.000487162,0.000487162
43,13.5613,1.36671,1.36696,1.46181,0,0,0,0,nan,nan,nan,0.000490728,0.000490728,0.000490728
44,13.8862,2.10915,1.43827,1.36522,0,0,0,0,nan,nan,nan,0.000493898,0.000493898,0.000493898
45,14.2221,1.93022,1.91383,1.65367,0,0,0,0,nan,nan,nan,0.000496672,0.000496672,0.000496672
46,14.5393,1.61688,1.36763,1.57493,0,0,0,0,nan,nan,nan,0.00049905,0.00049905,0.00049905
47,14.8511,2.2651,1.95074,2.09747,0,0,0,0,nan,nan,nan,0.000501032,0.000501032,0.000501032
48,15.1753,1.83588,1.50608,1.42241,0,0,0,0,nan,nan,nan,0.000502618,0.000502618,0.000502618
49,15.5094,1.83589,1.67626,1.46282,0,0,0,0,nan,nan,nan,0.000503808,0.000503808,0.000503808
50,15.8233,1.57949,1.7176,1.7048,0,0,0,0,nan,nan,nan,0.000504602,0.000504602,0.000504602
51,16.1414,1.45124,1.46567,1.63793,0,0,0,0,nan,nan,nan,0.000505,0.000505,0.000505
52,16.4605,1.51775,1.13192,1.52886,0,0,0,0,nan,nan,nan,0.000505002,0.000505002,0.000505002
53,16.7916,1.83882,1.44273,1.35986,0,0,0,0,nan,nan,nan,0.000504608,0.000504608,0.000504608
54,17.1085,1.47991,1.12962,1.27995,0,0,0,0,nan,nan,nan,0.000503818,0.000503818,0.000503818
55,17.4235,1.55107,1.52003,1.77061,0,0,0,0,nan,nan,nan,0.000502632,0.000502632,0.000502632
56,17.7487,1.81036,1.98706,1.29604,0,0,0,0,nan,nan,nan,0.00050105,0.00050105,0.00050105
57,18.0782,1.40873,1.49677,1.79378,0,0,0,0,nan,nan,nan,0.000499072,0.000499072,0.000499072
58,18.3897,1.59149,1.72559,1.70064,0,0,0,0,nan,nan,nan,0.000496698,0.000496698,0.000496698
59,18.7085,1.00917,1.02557,1.07248,0,0,0,0,nan,nan,nan,0.000493928,0.000493928,0.000493928
60,19.0177,1.59733,1.37706,1.53318,0,0,0,0,nan,nan,nan,0.000490762,0.000490762,0.000490762
61,19.3441,1.04827,0.94496,1.02341,0,0,0,0,nan,nan,nan,0.0004872,0.0004872,0.0004872
62,19.6938,1.21808,1.09392,1.25783,0,0,0,0,nan,nan,nan,0.000483242,0.000483242,0.000483242
63,20.0566,1.60806,1.24509,1.25209,0,0,0,0,nan,nan,nan,0.000478888,0.000478888,0.000478888
64,20.4086,1.84254,1.79425,1.82621,0,0,0,0,nan,nan,nan,0.000474138,0.000474138,0.000474138
65,20.7783,1.39036,1.38165,1.46854,0.33232,0.2,0.19642,0.0789,nan,nan,nan,0.000468992,0.000468992,0.000468992
66,21.1568,1.66786,2.08433,1.73251,0.33232,0.2,0.19642,0.0789,nan,nan,nan,0.00046345,0.00046345,0.00046345
67,21.5253,1.34632,1.04636,1.27514,0.00813,0.2,0.00493,0.00049,nan,nan,nan,0.000457512,0.000457512,0.000457512
68,21.901,1.08919,0.92142,1.23528,0.00813,0.2,0.00493,0.00049,nan,nan,nan,0.000451178,0.000451178,0.000451178
69,22.2754,1.28636,0.91536,1.33095,0,0,0,0,nan,nan,nan,0.000444448,0.000444448,0.000444448
70,22.5936,1.71815,1.86411,1.71196,0,0,0,0,nan,nan,nan,0.000437322,0.000437322,0.000437322
71,22.9206,1.30748,1.18594,1.36738,0.00704,0.2,0.00633,0.00123,nan,nan,nan,0.0004298,0.0004298,0.0004298
72,23.2258,2.04271,1.48928,1.5468,0.00704,0.2,0.00633,0.00123,nan,nan,nan,0.000421882,0.000421882,0.000421882
73,23.5496,1.17138,0.93786,1.18684,0.00546,0.2,0.00778,0.00078,nan,nan,nan,0.000413568,0.000413568,0.000413568
74,23.8382,1.31088,1.03742,1.40252,0.00546,0.2,0.00778,0.00078,nan,nan,nan,0.000404858,0.000404858,0.000404858
75,24.1669,1.30555,1.2207,1.30155,0,0,0,0,nan,nan,nan,0.000395752,0.000395752,0.000395752
76,24.4705,1.6957,1.71525,1.31421,0,0,0,0,nan,nan,nan,0.00038625,0.00038625,0.00038625
77,24.7955,1.42669,1.2829,1.22353,0,0,0,0,nan,nan,nan,0.000376352,0.000376352,0.000376352
78,25.108,1.56111,1.12448,1.2684,0,0,0,0,nan,nan,nan,0.000366058,0.000366058,0.000366058
79,25.4107,1.38152,0.97227,1.12279,0,0,0,0,nan,nan,nan,0.000355368,0.000355368,0.000355368
80,25.7192,1.38474,1.06484,1.13927,0,0,0,0,nan,nan,nan,0.000344282,0.000344282,0.000344282
81,26.0397,1.25001,0.91003,1.07517,0,0,0,0,nan,nan,nan,0.0003328,0.0003328,0.0003328
82,26.3518,1.1408,0.94158,1.12024,0,0,0,0,nan,nan,nan,0.000320922,0.000320922,0.000320922
83,26.6836,1.00342,1.00329,1.06132,0,0,0,0,nan,nan,nan,0.000308648,0.000308648,0.000308648
84,26.9863,1.32621,1.07982,1.27937,0,0,0,0,nan,nan,nan,0.000295978,0.000295978,0.000295978
85,27.2825,1.20557,0.90556,1.02341,0,0,0,0,nan,nan,nan,0.000282912,0.000282912,0.000282912
86,27.5922,1.19996,0.9511,1.07308,0,0,0,0,nan,nan,nan,0.00026945,0.00026945,0.00026945
87,27.9255,1.09891,0.90558,1.03938,0,0,0,0,0,0,0,0.000255592,0.000255592,0.000255592
88,28.2496,0.95783,0.8271,1.14678,0,0,0,0,0,0,0,0.000241338,0.000241338,0.000241338
89,28.5743,1.47613,1.04262,1.12601,0,0,0,0,0,0,1e-05,0.000226688,0.000226688,0.000226688
90,28.8845,0.82321,0.77764,1.13064,0,0,0,0,0,0,1e-05,0.000211642,0.000211642,0.000211642
91,29.2842,1.33284,1.36044,1.41267,0,0,0,0,0.00057,0,0.00174,0.0001962,0.0001962,0.0001962
92,29.6143,1.07784,1.12318,1.15507,0,0,0,0,0.00057,0,0.00174,0.000180362,0.000180362,0.000180362
93,29.9388,1.06879,0.8385,1.08555,0,0,0,0,0.38611,0.29688,0.88128,0.000164128,0.000164128,0.000164128
94,30.2474,1.32413,1.18686,1.1761,0,0,0,0,0.38611,0.29688,0.88128,0.000147498,0.000147498,0.000147498
95,30.5552,0.99112,0.95538,1.22407,0,0,0,0,3.41336,8.35894,10.7877,0.000130472,0.000130472,0.000130472
96,30.8839,0.89229,0.84031,0.92955,0,0,0,0,3.41336,8.35894,10.7877,0.00011305,0.00011305,0.00011305
97,31.2076,1.05355,1.04419,1.07406,0,0,0,0,3.64976,6.97061,8.27498,9.5232e-05,9.5232e-05,9.5232e-05
98,31.5185,0.98551,0.78338,0.97068,0,0,0,0,3.64976,6.97061,8.27498,7.7018e-05,7.7018e-05,7.7018e-05
99,31.8514,1.10592,1.02466,1.06844,0,0,0,0,3.80038,6.70015,7.94784,5.8408e-05,5.8408e-05,5.8408e-05
100,32.1797,0.96071,0.92362,1.18512,0,0,0,0,3.80038,6.70015,7.94784,3.9402e-05,3.9402e-05,3.9402e-05
